Time,Susceptible,Infected,Removed
0.0,0.99,0.01,0.0
0.1,0.9897000927607305,0.010198912935030908,0.00010099430423884804
0.2,0.9893943290558902,0.01040167888773142,0.00020399205637864753
0.30000000000000004,0.9890825566356226,0.010608396227667445,0.00030904713671012115
0.4,0.988764724813835,0.0108190976275599,0.0004161775586052623
0.5,0.9884406928042598,0.011033873934586626,0.0005254332611536992
0.6000000000000001,0.9881103298190062,0.011252809568086355,0.0006368606129076823
0.7000000000000001,0.9877735180126589,0.011475980399694195,0.0007505015876470575
0.8,0.9874301447487275,0.011703458860873511,0.0008663963903992027
0.9,0.9870800912568208,0.01193532143277165,0.0009845873104076957
1.0,0.9867232325142875,0.01217164840385072,0.0011051190818619611
1.1,0.986359440890855,0.012412521650483822,0.0012280374586612834
1.2000000000000002,0.9859885852972553,0.012658025134538405,0.0013533895682065248
1.3,0.9856105525397736,0.012908231978213303,0.0014812154820132814
1.4000000000000001,0.985225192769134,0.013163237506660387,0.0016115697242058782
1.5,0.9848323780476332,0.013423123772607248,0.0017444981797597576
1.6,0.9844319728722765,0.013687977359712894,0.0018800497680109198
1.7000000000000002,0.9840238372592368,0.01395788754326242,0.002018275197500979
1.8,0.9836078312138828,0.014232943624629618,0.002159225161487722
1.9000000000000001,0.9831838118156202,0.014513236669625033,0.0023029515147549736
2.0,0.9827516332178917,0.014798859508495944,0.0024495072736125958
2.1,0.9823111474908711,0.015089906166463801,0.0025989463426651913
2.2,0.9818622063178135,0.0153864707173914,0.0027513229647952815
2.3000000000000003,0.9814046572984857,0.015688649781792397,0.00290669291972208
2.4000000000000004,0.9809383452920791,0.01599654161933921,0.0030651130885817742
2.5,0.9804631125502071,0.016310246038988025,0.0032266414108049948
2.6,0.9799787988586905,0.016629864297018862,0.00339133684429072
2.7,0.9794852436276725,0.01695549759401096,0.0035592587783166464
2.8000000000000003,0.9789822834186858,0.017287248853156197,0.003730467728158126
2.9000000000000004,0.9784697519432026,0.01762522272130198,0.003905025335495517
3.0,0.977947480567761,0.017969525205709207,0.004082994226529868
3.1,0.9774152983139649,0.018320263674052283,0.004264438011982918
3.2,0.9768730313812892,0.01867754694787659,0.004449421670834366
3.3000000000000003,0.9763205031734544,0.019041485297433092,0.004638011529112617
3.4000000000000004,0.9757575350481722,0.01941219029484246,0.004830274656985465
3.5,0.9751839459271263,0.019789774890479315,0.005026279182394507
3.6,0.9745995522950326,0.0201743534131564,0.005226094291811193
3.7,0.9740041683427327,0.020566041583056048,0.005429790074211327
3.8000000000000003,0.9733976042534518,0.020964956356857908,0.0056374393896905
3.9000000000000004,0.9727796692776872,0.02137121620561915,0.005849114516693815
4.0,0.9721501695735121,0.02178494091960089,0.006064889506887165
4.1000000000000005,0.9715089088292372,0.022206251664538722,0.00628483950622419
4.2,0.970855688244622,0.02263527097111081,0.006509040784267325
4.3,0.970190306311433,0.023072122415175176,0.006737571273391903
4.4,0.9695125590007264,0.023516930924820496,0.006970510074453145
4.5,0.96882223979968,0.02396982285555378,0.007207937344766396
4.6000000000000005,0.968119139624219,0.02443092587407124,0.007449934501709816
4.7,0.9674030468033646,0.024900368952559936,0.007696584244075551
4.800000000000001,0.9666737470635797,0.02537828236299944,0.00794797057342094
4.9,0.9659310235186054,0.025864797666466266,0.00820417881492846
5.0,0.9651746573151053,0.02636004710532646,0.00846529557956831
5.1000000000000005,0.9644044271482722,0.026864164024324188,0.008731408827403675
5.2,0.963620108853008,0.02737728322286032,0.009002607924131805
5.300000000000001,0.9628214757163811,0.02789954065055085,0.009278983633068123
5.4,0.9620082984723946,0.028431073392040818,0.009560628135564733
5.5,0.9611803452967529,0.028972019651818254,0.009847635051428962
5.6000000000000005,0.9603373818016455,0.02952251873901924,0.010140099459335358
5.7,0.9594791720939924,0.030082710440064286,0.010438117465943494
5.800000000000001,0.9586054784169187,0.030652735206840604,0.01074178637624079
5.9,0.9577160599251012,0.031232734843460487,0.011051205231438379
6.0,0.956810673440701,0.03182285205291999,0.01136647450637913
6.1000000000000005,0.9558890734680334,0.03242323041045629,0.011687696121510362
6.2,0.9549510122082384,0.03303401433690516,0.012014973454856555
6.300000000000001,0.9539962395739497,0.03365534907205834,0.01234841135399209
6.4,0.953024503971294,0.034287380002405964,0.012688116026300067
6.5,0.9520355524845153,0.034930252491497844,0.013034195023986868
6.6000000000000005,0.9510291293866502,0.03558411311873115,0.013386757494618717
6.7,0.950004976940862,0.03624910899082453,0.013745914068313575
6.800000000000001,0.9489628354411058,0.036925387693303786,0.014111776865590512
6.9,0.9479024432449419,0.037613097248593685,0.014484459506464495
7.0,0.9468235368063489,0.03831238607410996,0.014864077119541214
7.1000000000000005,0.9457258514410816,0.03902340232669003,0.015250746232228518
7.2,0.9446091220644343,0.03974629327013977,0.01564458466542608
7.300000000000001,0.9434730810283217,0.040481207072716546,0.016045711898961795
7.4,0.9423174591523679,0.04122829192895402,0.01645424891867823
7.5,0.9411419858190251,0.04198769596555916,0.016870318215415802
7.6000000000000005,0.9399463890288633,0.04275956718067664,0.01729404379046018
7.7,0.9387303954558571,0.04354405338315324,0.017725551160989644
7.800000000000001,0.9374937311648527,0.044341301592738976,0.01816496724240835
7.9,0.9362361229886454,0.0451514569033125,0.01861242010804214
8.0,0.9349572956926221,0.045974664775353766,0.019068039532024246
8.1,0.9336569731652313,0.04681107005108278,0.019531956783685932
8.200000000000001,0.9323348786088096,0.0476608167833861,0.020004304607804318
8.3,0.9309907346221398,0.04852404815288081,0.020485217224979483
8.4,0.9296242632830096,0.04940090638497871,0.020974830332011685
8.5,0.9282351867850027,0.05029153222991267,0.021473280985084626
8.6,0.9268232294716656,0.05119606334086527,0.021980707187469164
8.700000000000001,0.9253881144544341,0.052114636923058705,0.02249724862250722
8.8,0.9239295648227823,0.05304738876166106,0.023023046415556688
8.9,0.9224473039824345,0.053994452937255626,0.023558243080309956
9.0,0.9209410557699679,0.05495596171763684,0.024102982512395277
9.1,0.9194105445674156,0.05593204544960629,0.02465740998297816
9.200000000000001,0.917855495833759,0.05692283213402224,0.025221672032218832
9.3,0.9162756387001542,0.05792844543285882,0.02579591586698704
9.4,0.9146707023261026,0.058949007416596755,0.02638029025730071
9.5,0.9130404169251228,0.059984637763803784,0.026974945311073438
9.600000000000001,0.9113845143024316,0.061035453331482824,0.02758003236608557
9.700000000000001,0.9097027280055537,0.0621015680195103,0.028195703974936037
9.8,0.9079947934749311,0.06318309263507461,0.02882211388999432
9.9,0.9062604491569523,0.06428013406078785,0.029459416782259818
10.0,0.9044994362533929,0.0653927954093769,0.030107768337230188
10.100000000000001,0.9027115008980617,0.06652117442224961,0.030767324679688575
10.200000000000001,0.9008963900982176,0.0676653663793565,0.031438243522425774
10.3,0.8990538540690125,0.06882546238358812,0.03212068354739934
10.4,0.8971836463996978,0.07000154921392891,0.03281480438637318
10.5,0.8952855242252389,0.07119370917469879,0.03352076660006223
10.600000000000001,0.8933592485401975,0.07240201984922884,0.0342387316105735
10.700000000000001,0.891404587041216,0.07362655215989644,0.03496886079888756
10.8,0.8894213113631932,0.07486737218229261,0.03571131645451399
10.9,0.8874091971754378,0.07612454104383472,0.0364662617807274
11.0,0.8853680252000636,0.07739811420447952,0.03723386059545676
11.100000000000001,0.8832975814846589,0.07868814123654458,0.038014277278796506
11.200000000000001,0.8811976576839167,0.0799946655982355,0.038807676717847704
11.3,0.879068051350231,0.08131772440087935,0.03961422424888955
11.4,0.8769085662334064,0.08265734816990122,0.04043408559669229
11.5,0.8747190128566118,0.08401356066539556,0.041267426477992634
11.600000000000001,0.872499208718975,0.08538637860215474,0.04211441267887012
11.700000000000001,0.8702489783603676,0.08677581132722091,0.04297521031241136
11.8,0.8679681538775059,0.08818186060019181,0.04384998552230222
11.9,0.8656565752771412,0.08960452032486207,0.04473890439799664
12.0,0.8633140908386766,0.09104377627468477,0.04564213288663853
12.100000000000001,0.86094055748621,0.09249960581205287,0.046559836701737016
12.200000000000001,0.8585358411700044,0.09397197760140086,0.047492181228594686
12.3,0.856099816051639,0.09546085232656379,0.04843933162179721
12.4,0.8536323632244789,0.0969661837992683,0.0494014529762528
12.5,0.8511333749251253,0.09848791546779864,0.050378709607076036
12.600000000000001,0.848602753245726,0.10002598153576475,0.051371265218509196
12.700000000000001,0.846040410345404,0.10158030682630126,0.05237928282829467
12.8,0.8434462687489235,0.10315080657487967,0.053402924676196756
12.9,0.8408202616465147,0.10473738622287931,0.0544423521306058
13.0,0.8381623334590761,0.10633994107339223,0.0554977254675315
13.100000000000001,0.8354724400831312,0.10795835611629308,0.05656920380057567
13.200000000000001,0.8327505489150474,0.10959250597040462,0.05765694511454781
13.3,0.8299966393374231,0.11124225458472363,0.05876110607785313
13.4,0.8272107030406914,0.11290745502740485,0.059881841931903525
13.5,0.8243927443468616,0.11458794927499193,0.06101930637814629
13.600000000000001,0.8215427804694897,0.11628356806208318,0.06217365146842707
13.700000000000001,0.8186608401983354,0.11799413217186058,0.06334502762980393
13.8,0.815746965730004,0.11971945085572529,0.06453358341427068
13.9,0.8128012132175502,0.12145932142504538,0.06573946535740442
14.0,0.8098236525657014,0.12321352953404485,0.0669628179002537
14.100000000000001,0.8068143676910818,0.12498184904022447,0.06820378326869368
14.200000000000001,0.8037734567798809,0.12676404186931345,0.0694625013508057
14.3,0.8007010323622872,0.12855985804060208,0.07073910959711066
14.4,0.7975972204550168,0.13036903649844295,0.07203374304654017
14.5,0.794462162306873,0.1321913037007599,0.07334653399236701
14.600000000000001,0.7912960142701867,0.13402637382645885,0.07467761190335435
14.700000000000001,0.7880989478406404,0.13587394883992104,0.07602710331943854
14.8,0.7848711498464802,0.13773371842896373,0.07739513172455602
14.9,0.7816128226319572,0.13960535995010603,0.07878181741793669
15.0,0.7783241837509348,0.141488538801836,0.0801872774472291
15.100000000000001,0.7750054652802438,0.14338290913064305,0.08161162558911307
15.200000000000001,0.7716569157350017,0.14528811227798155,0.08305497198701665
15.3,0.7682787994842216,0.1472037774020129,0.08451742311376538
15.4,0.7648713967949422,0.14912952155539125,0.08599908164966648
15.5,0.7614350039188319,0.15106494972842388,0.0875000463527442
15.600000000000001,0.7579699331693079,0.15300965490276436,0.08902041192792767
15.700000000000001,0.7544765120338268,0.15496321885583486,0.09056026911033825
15.8,0.7509550832594939,0.1569252122143077,0.0921197045261983
15.9,0.747406006156889,0.15889519356690157,0.09369880027620937
16.0,0.7438296558813323,0.16087271014743257,0.09529763397123504
16.1,0.7402264233986358,0.16285729799071247,0.09691627861065169
16.2,0.7365967154379448,0.16484848210163247,0.09855480246042271
16.3,0.7329409543988794,0.1668457766603028,0.10021326894081771
16.400000000000002,0.7292595771820198,0.16884868598095065,0.1018917368370295
16.5,0.7255530360159862,0.17085670408512424,0.10359025989888948
16.6,0.7218217986075649,0.17286931475040207,0.10530888664203301
16.7,0.7180663476291783,0.17488599202465246,0.10704766034616917
16.8,0.7142871805390668,0.17690620051291686,0.10880661894801623
16.900000000000002,0.7104848093848212,0.17892939568012434,0.11058579493505445
17.0,0.7066597604889123,0.18095502421779636,0.11238521529329132
17.1,0.702812573466457,0.18298252473595994,0.11420490179758304
17.2,0.6989438019403867,0.18501132765646275,0.11604487040315054
17.3,0.6950540130733263,0.18704085567644807,0.11790513125022573
17.400000000000002,0.6911437871369362,0.18907052422194998,0.11978568864111383
17.5,0.6872137171803918,0.19109974186230524,0.12168654095730302
17.6,0.6832644086800765,0.19312791074141167,0.12360768057851185
17.7,0.6792964791127576,0.19515442695244842,0.12554909393479413
17.8,0.6753105574402158,0.1971786808407808,0.12751076171900338
17.900000000000002,0.6713072839408264,0.1992000577885557,0.12949265827061796
18.0,0.6672873096882619,0.20121793859151393,0.1314947517202243
18.1,0.6632512960904811,0.20323169995314594,0.13351700395637303
18.2,0.6591999144184285,0.20524071500648725,0.13555937057508438
18.3,0.6551338453154502,0.2072443538521309,0.13762180083241907
18.400000000000002,0.6510537786052385,0.20924198356857635,0.13970423782618518
18.5,0.6469604128195344,0.21123296868539107,0.14180661849507462
18.6,0.6428544541426129,0.21321667263768157,0.14392887321970563
18.7,0.6387366161304163,0.21519245787809219,0.14607092599149152
18.8,0.634607619147713,0.21715968645457903,0.14823269439770806
18.900000000000002,0.6304681897862209,0.2191177206039821,0.15041408960979707
19.0,0.6263190602880359,0.2210659233308019,0.15261501638116218
19.1,0.622160969060604,0.22300365763136554,0.1548353733080304
19.200000000000003,0.6179946591925115,0.2249302881756182,0.15707505263187022
19.3,0.613820877417482,0.22684518242782375,0.15933394015469415
19.400000000000002,0.6096403739010982,0.22874771074422848,0.16161191535467334
19.5,0.6054539016071396,0.23063724698099253,0.1639088514118678
19.6,0.6012622156494896,0.2325131691116684,0.16622461523884202
19.700000000000003,0.597066072831615,0.2343748596338694,0.1685590675345156
19.8,0.5928662327930767,0.23622170421671412,0.17091206299020908
19.900000000000002,0.5886634551099552,0.23805309475574843,0.17328345013429633
20.0,0.5844584989633129,0.2398684296203289,0.17567307141635818
20.1,0.5802521228174071,0.24166711388417422,0.1780807632984186
20.200000000000003,0.576045083768815,0.2434485599087084,0.18050635632247652
20.3,0.5718381368862254,0.24521218793038854,0.18294967518338603
20.400000000000002,0.5676320351807919,0.24695742600597828,0.18541053881322975
20.5,0.5634275306605178,0.24868370885794125,0.1878887604815409
20.6,0.5592253706343486,0.2503904815103151,0.19038414785533617
20.700000000000003,0.5550262981521933,0.25207719874349627,0.19289650310431036
20.8,0.5508310515360746,0.2537433254611862,0.19542562300273914
20.900000000000002,0.5466403637672658,0.255388337197299,0.19797129903543517
21.0,0.542454961870293,0.2570117206205964,0.20053331750911055
21.1,0.5382755676074562,0.25861297279693746,0.20311145959560611
21.200000000000003,0.534102897393477,0.26019160118251283,0.20570550142400992
21.3,0.5299376591717985,0.2617471264801016,0.20831521434809966
21.400000000000002,0.52578055312002,0.2632790818753252,0.2109403650046546
21.5,0.5216322711354423,0.2647870134192677,0.21358071544528978
21.6,0.5174934963103078,0.26627048041559265,0.21623602327409935
21.700000000000003,0.5133649024352588,0.2677290557775283,0.21890604178721268
21.8,0.509247155389465,0.2691623247302853,0.22159051988024958
21.900000000000002,0.5051409113772339,0.2705698862644339,0.224289202358332
22.0,0.5010468155356043,0.27195135425954764,0.2270018302048479
22.1,0.49696550228854947,0.2733063570756995,0.22972814063575087
22.200000000000003,0.4928975949389882,0.2746345378057113,0.23246786725530033
22.3,0.48884370527013865,0.27593555451376783,0.2352207402160934
22.400000000000002,0.4848044333096423,0.2772090803412882,0.23798648634906938
22.5,0.4807803686491515,0.27845480239886955,0.24076482895197884
22.6,0.4767720881277442,0.2796724234747069,0.24355548839754884
22.700000000000003,0.472780155701236,0.2808616620396634,0.24635818225910053
22.8,0.46880512249602274,0.2820222521027034,0.24917262540127377
22.900000000000002,0.4648475265438968,0.2831539433076136,0.2519985301484894
23.0,0.4609078925309299,0.28425650101242456,0.25483560645664544
23.1,0.4569867318318297,0.2853297061929468,0.25768356197522346
23.200000000000003,0.45308454317993596,0.28637335496582234,0.26054210185424165
23.3,0.44920181100690315,0.28738725946409943,0.26341092952899736
23.400000000000002,0.44533900575995833,0.2883712475482261,0.26628974669181554
23.5,0.4414965838507181,0.2893251627232434,0.26917825342603846
23.6,0.43767498753806544,0.290248864085426,0.27207614837650856
23.700000000000003,0.43387464482807403,0.29114222624988106,0.2749831289220448
23.8,0.4300959695880653,0.29200513929927463,0.27789889111266003
23.900000000000002,0.42633936161156877,0.2928375087000359,0.2808231296883953
24.0,0.4226052061287515,0.29363925508302724,0.28375553878822113
24.1,0.4188938739975976,0.29441031414044294,0.2866958118619594
24.200000000000003,0.415205721710299,0.29515063646253004,0.2896436418271709
24.3,0.4115410914135461,0.29586018735462755,0.29259872123182634
24.400000000000002,0.4079003109453894,0.29653894663958436,0.29556074241502617
24.5,0.40428369367619854,0.29718690902304407,0.29852939730075734
24.6,0.40069153870113816,0.29780408353375654,0.30150437776510525
24.700000000000003,0.397124131063333,0.2983904929109055,0.3044853760257614
24.8,0.39358174175525956,0.2989461736246081,0.30747208462013226
24.900000000000002,0.39006462783633516,0.29947117561102166,0.3104641965526431
25.0,0.3865730325679184,0.2999655619905509,0.3134614054415306
25.1,0.3831071855007798,0.3004294088654294,0.3164634056337907
25.200000000000003,0.37966730177310304,0.3008628062966408,0.31946989193025616
25.3,0.37625358330665565,0.3012658564756247,0.3224805602177196
25.400000000000002,0.372866218941382,0.30163867347873496,0.325495107579883
25.5,0.36950538442975145,0.30198138323852836,0.32851323233172014
25.6,0.3661712426467095,0.30229412320432275,0.33153463414896767
25.700000000000003,0.3628639438153859,0.30257704198830865,0.3345590141963054
25.8,0.35958362574855623,0.3028302989972153,0.3375860752542284
25.900000000000002,0.35633041320496206,0.3030540652242722,0.3406155215707656
26.0,0.35310441756762634,0.30324852362739807,0.3436470588049755
26.1,0.3499057392980157,0.3034138658938698,0.34668039480811436
26.200000000000003,0.34673446715909945,0.3035502934243484,0.3497152394165521
26.3,0.3435906784521178,0.30365801700115647,0.3527513045467256
26.400000000000002,0.34047443929005944,0.30373725641478716,0.3557883042951533
26.5,0.3373858048834851,0.30378824008041294,0.3588259550361019
26.6,0.33432481968132066,0.30381120482386004,0.3618639754948192
26.700000000000003,0.3312915157036721,0.3038063977334316,0.36490208656289624
26.8,0.3282859151935133,0.30377407309068527,0.3679400117158013
26.900000000000002,0.325308030748017,0.3037144921794354,0.37097747707254747
27.0,0.32235786516387754,0.30362792342498957,0.3740142114111328
27.1,0.3194354117302351,0.3035146420270297,0.3770499462427351
27.200000000000003,0.3165406545301944,0.30337492958677337,0.38008441588303216
27.3,0.3136735687509338,0.3032090737284155,0.3831173575206506
27.400000000000002,0.3108341199743514,0.3030173688231578,0.3861485112024906
27.5,0.3080222639077467,0.3028001162423976,0.38917761984985555
27.6,0.3052379490801757,0.30255762141727693,0.3922044295025472
27.700000000000003,0.3024811159900543,0.30229019472755236,0.3952286892823932
27.8,0.29975169736933016,0.30199815119027573,0.39825015144039394
27.900000000000002,0.2970496184757414,0.30168181012173956,0.40126857140251887
28.0,0.2943747973898851,0.301341494797781,0.40428370781233375
28.1,0.29172714517089327,0.3009775322582834,0.4072953225708232
28.200000000000003,0.2891065644409811,0.3005902546820814,0.4103031808769374
28.3,0.28651295175961883,0.3001799969847601,0.41330705125562084
28.400000000000002,0.28394619772380914,0.29974709668788707,0.41630670558830357
28.5,0.2814061868638926,0.2992918939953668,0.4193019191407404
28.6,0.27889279791108756,0.29881473150213494,0.4222924705867773
28.700000000000003,0.27640590406657006,0.29831595390447274,0.4252781420289571
28.8,0.27394537327209195,0.29779590771194225,0.42825871901596557
28.900000000000002,0.27151106776609707,0.2972549416165822,0.43123399061732054
29.0,0.26910284399712453,0.2966934065379855,0.4342037494648898
29.1,0.2667205544681405,0.2961116539033603,0.437167791628499
29.200000000000003,0.2643640472053743,0.2955100361057338,0.4401259166888917
29.3,0.26203316597874116,0.29488890627699765,0.443077927744261
29.400000000000002,0.2597277505346513,0.2942486180526423,0.44602363141270623
29.5,0.25744763682779653,0.2935895253404582,0.4489628378317451
29.6,0.2551926571677732,0.2929119821604511,0.4518953606717755
29.700000000000003,0.25296263951865844,0.2922163431649075,0.4548210173164338
29.8,0.25075740886058345,0.29150296251356356,0.45773962862585277
29.900000000000002,0.24857678728027524,0.2907721937677911,0.46065101895193344
30.0,0.24642059397427532,0.2900243898577258,0.4635550161679987
30.1,0.24428864544299578,0.289259902900017,0.46645145165698704
30.200000000000003,0.2421807556819842,0.2884790840209588,0.4693401602970568
30.3,0.24009673637039655,0.28768228318500044,0.47222098044460276
30.400000000000002,0.23803639675686977,0.28686984920463426,0.47509375403849585
30.5,0.23599954371394952,0.28604212965507814,0.4779583266309722
30.6,0.23398598254461045,0.28519947035119786,0.4808145471041915
30.700000000000003,0.2319955168319378,0.2843422153898648,0.48366226777819726
30.8,0.23002794859093192,0.28347070701869925,0.4865013443903687
30.900000000000002,0.22808307842105524,0.28258528550811934,0.48933163607082525
31.0,0.22616070565494428,0.28168628902938336,0.4921530053156722
31.1,0.2242606284809115,0.28077405353815393,0.49496531798093446
31.200000000000003,0.22238264385158457,0.2798489126596379,0.49776844348877736
31.3,0.22052654790884627,0.2789111975906601,0.5005622545004935
31.400000000000002,0.21869213607789462,0.2779612370008499,0.5033466269212553
31.5,0.21687920314246006,0.27699935693950717,0.5061214399180326
31.6,0.21508754336259162,0.276025880749435,0.5088865758879733
31.700000000000003,0.2133169505881662,0.2750411289867584,0.5116419204250753
31.8,0.21156721836811881,0.27404541934672505,0.514387362285156
31.900000000000002,0.20983814005607518,0.27303906646663917,0.5171227934772855
32.0,0.20812950891126825,0.27202238181774113,0.5198481092709905
32.1,0.2064411181935805,0.2709956739053916,0.5225632079010278
32.2,0.20477276125638136,0.2699592480825419,0.5252679906610767
32.300000000000004,0.20312423163441504,0.2689134064962885,0.5279623618692963
32.4,0.20149532312740473,0.26785844804155134,0.5306462288310438
32.5,0.1998858298793801,0.2667946683202992,0.5333195018003206
32.6,0.1982955464766435,0.26572235955440604,0.5359820939689504
32.7,0.19672426823088868,0.2646418100748489,0.5386339216942623
32.800000000000004,0.19517179094543555,0.2635533049779103,0.541274904076654
32.9,0.19363791102916023,0.2624571259894397,0.5439049629813999
33.0,0.19212242560346685,0.2613535513407379,0.5465240230557952
33.1,0.19062513255979208,0.2602428557523852,0.5491320116878226
33.2,0.1891458306130097,0.2591253104232157,0.5517288589637744
33.300000000000004,0.18768431935073687,0.25800118302443703,0.554314497624826
33.4,0.18624039927854125,0.2568707376988975,0.5568888630225611
33.5,0.18481387186123124,0.25573423506515697,0.5594518930736117
33.6,0.18340454006389914,0.25459193128383534,0.5620035286522654
33.7,0.1820122081388458,0.2534440785326358,0.5645437133285183
33.800000000000004,0.1806366811445595,0.252290925980261,0.5670723928751794
33.9,0.17927776532683257,0.2511327191444617,0.5695895155287056
34.0,0.17793526815086905,0.24996969990067053,0.5720950319484603
34.1,0.17660899832983482,0.24880210649477125,0.5745888951753938
34.2,0.17529876584984802,0.24763017356000255,0.5770710605901492
34.300000000000004,0.17400438199141152,0.2464541321379974,0.579541485870591
34.4,0.17272565934728648,0.2452742097039573,0.5820001309487561
34.5,0.17146241206901258,0.24409062985103824,0.5844469580799491
34.6,0.17021445646039002,0.2429036114582039,0.5868819320814059
34.7,0.16898160976204016,0.24171337054393516,0.5893050196940245
34.800000000000004,0.16776369062428448,0.240520119610927,0.5917161897647883
34.9,0.16656051918210082,0.23932406758071623,0.5941154132371828
35.0,0.1653719170660674,0.23812541982224297,0.5965026631116894
35.1,0.1641977074104073,0.23692437818357007,0.5988779144060226
35.2,0.16303771485813226,0.23572114102675823,0.6012411441151094
35.300000000000004,0.16189176556328708,0.23451590326589844,0.6035923311708143
35.4,0.1607596872290235,0.23330885635469595,0.6059314564162803
35.5,0.15964130991417855,0.23210018720952422,0.608258502876297
35.6,0.15853646508716215,0.23089007955748944,0.6105734553553482
35.7,0.1574449855776595,0.229678714040988,0.6128763003813523
35.800000000000004,0.15636670582804368,0.2284662679065843,0.6151670262653718
35.9,0.1553014618926953,0.22725291504194894,0.6174456230653556
36.0,0.1542490914350941,0.2260388260150224,0.6197120825498833
36.1,0.1532094337226843,0.2248241681154052,0.6219663981619102
36.2,0.1521823296195114,0.2236091053979733,0.6242085649825151
36.300000000000004,0.15116762157663227,0.2223937987287196,0.6264385796946479
36.4,0.15016515403764308,0.2211784052950995,0.6286564406672572
36.5,0.1491747735025305,0.2199630785559599,0.6308621479415094
36.6,0.14819632765974436,0.2187479693913595,0.633055702948896
36.7,0.1472296658329579,0.21753322555785692,0.6352371086091849
36.800000000000004,0.14627463897837115,0.21631899172225072,0.637406369299378
36.9,0.14533109967498276,0.2151054095037344,0.6395634908212826
37.0,0.14439890211323206,0.21389261751750768,0.6417084803692601
37.1,0.14347790208201092,0.2126807514198445,0.6438413464981444
37.2,0.14256795695404545,0.21146994395461677,0.6459620990913376
37.300000000000004,0.1416689257797659,0.21026032486790663,0.6480707493523272
37.4,0.14078066982004372,0.20905202029057368,0.6501673098893823
37.5,0.13990305160690167,0.20784515390312597,0.6522517944899722
37.6,0.13903593518841506,0.20663984666585994,0.6543242181457248
37.7,0.1381791862009893,0.20543621675755117,0.6563845970414594
37.800000000000004,0.13733267185583087,0.20423437961755156,0.6584329485266174
37.9,0.13649626092428746,0.20303444798873765,0.6604692910869746
38.0,0.1356698237220571,0.20183653196131027,0.6624936443166324
38.1,0.1348532320922673,0.2006407390174463,0.6645060288902862
38.2,0.13404635939325055,0.19944717407010143,0.6665064665366478
38.300000000000004,0.13324908091007823,0.19825593901422198,0.6684949800756995
38.400000000000006,0.13246127346040149,0.19706713320371536,0.6704715933358829
38.5,0.13168281518218078,0.19588085371887762,0.6724363310989414
38.6,0.13091358571576442,0.19469719518003611,0.6743892191041992
38.7,0.13015346618851772,0.19351624978772886,0.6763302840237532
38.800000000000004,0.12940233919871086,0.1923381073632865,0.6782595534380024
38.900000000000006,0.1286600887986656,0.19116285538981814,0.680177055811516
39.0,0.12792660047716123,0.18999057905360114,0.6820828204692374
39.1,0.1272017611410987,0.18882136128587362,0.6839768775730274
39.2,0.12648545924295712,0.18765528264756065,0.685859258109482
39.300000000000004,0.1257775849322974,0.18649242118776357,0.6877299938799388
39.400000000000006,0.12507802952862254,0.18533285303116057,0.6895891174402167
39.5,0.12438668573156164,0.1841766521726503,0.6914366620957878
39.6,0.12370344761745442,0.18302389050114642,0.6932726618813989
39.7,0.12302821062301578,0.18187463783686494,0.6950971515401191
39.800000000000004,0.1223608715285518,0.18072896196869953,0.6969101665027484
39.900000000000006,0.12170132844072762,0.17958692869168627,0.6987117428675859
40.0,0.12104948077488699,0.17844860184455702,0.7005019173805558
40.1,0.1204052292623623,0.17731404332219008,0.7022807274154474
40.2,0.11976847618554474,0.17618331286216174,0.7040482109522933
40.300000000000004,0.11913912500675074,0.17505646843124967,0.7058044065619994
40.400000000000006,0.11851708040363822,0.17393356620898617,0.7075493533873755
40.5,0.11790224830983885,0.172814660565691,0.70928309112447
40.6,0.11729453589914106,0.17169980409604862,0.7110056600048101
40.7,0.11669385156943583,0.1705890476525669,0.7127171007779971
40.800000000000004,0.11610010492642406,0.16948244037891536,0.7144174546946604
40.900000000000006,0.11551320676708639,0.1683800297431442,0.7161067634897692
41.0,0.114933069062922,0.16728186157077823,0.7177850693662996
41.1,0.11435960507518114,0.16618797996172258,0.7194524149630961
41.2,0.11379272928049323,0.16509842737326855,0.721108843346238
41.300000000000004,0.11323235720816664,0.16401324478030196,0.7227543980115312
41.400000000000006,0.11267840552075381,0.16293247162165425,0.7243891228575917
41.5,0.11213079199918745,0.16185614582988922,0.7260130621709232
41.6,0.1115894355278244,0.16078430386084216,0.7276262606113333
41.7,0.11105425607939735,0.15971698072291254,0.7292287631976899
41.800000000000004,0.11052517469987395,0.15865421000610874,0.7308206152940171
41.900000000000006,0.11000211349322367,0.15759602391084582,0.7324018625959303
42.0,0.10948499564718839,0.15654245324711538,0.7339725511056959
42.1,0.10897374552210835,0.15549352738826122,0.7355327270896301
42.2,0.1084682884039473,0.15444927446451764,0.7370824371315348
42.300000000000004,0.10796855057830254,0.15340972132675107,0.7386217280949461
42.400000000000006,0.10747445932862536,0.15237489356407322,0.7401506471073012
42.5,0.10698594292201986,0.15134481553002185,0.741669241547958
42.6,0.1065029305950119,0.1503195103684491,0.7431775590365388
42.7,0.10602535253928844,0.14929900003911847,0.7446756474215929
42.800000000000004,0.10555313988740694,0.1482833053430094,0.7461635547695834
42.900000000000006,0.10508622469847502,0.1472724459473301,0.7476413293541947
43.0,0.10462453994380022,0.14626644041023842,0.7491090196459611
43.1,0.10416801953210011,0.14526530618211478,0.7505666742857849
43.2,0.1037165984813721,0.1442690595207464,0.7520143419978813
43.300000000000004,0.10327021256872528,0.14327771571153647,0.753452071719738
43.400000000000006,0.1028287984182345,0.14229128903120938,0.754879912550556
43.5,0.1023922935190032,0.14130979275202676,0.7562979137289698
43.6,0.10196063621292792,0.14033323916341495,0.7577061246236569
43.7,0.10153376568252445,0.13936163959324785,0.7591045947242275
43.800000000000004,0.10111162193881458,0.1383950044287843,0.760493373632401
43.900000000000006,0.1006941458092741,0.13743334313726044,0.7618725110534653
44.0,0.1002812789258419,0.13647666428613706,0.7632420567880209
44.1,0.09987296371298991,0.13552497556300167,0.7646020607240083
44.2,0.09946914338540114,0.13457828379562192,0.7659525728189768
44.300000000000004,0.0990697620186516,0.13363659497544195,0.7672936430059063
44.400000000000006,0.09867476441146371,0.1326999142699049,0.7686253213186313
44.5,0.09828409609871325,0.13176824604225748,0.7699476578590292
44.6,0.0978977033590188,0.13084159387072447,0.7712607027702566
44.7,0.09751553320409498,0.1299199605663885,0.7725645062295164
44.800000000000004,0.09713753336820287,0.1290033481907259,0.7738591184410711
44.900000000000006,0.09676365229769816,0.12809175807279993,0.7751445896295018
45.0,0.09639383914067687,0.12718519082611032,0.7764209700332126
45.1,0.09602804373671832,0.12628364636509992,0.7776883098981816
45.2,0.09566621660672611,0.1253871239213183,0.7789466594719554
45.300000000000004,0.09530830894545883,0.12449562206160397,0.780196068992937
45.400000000000006,0.0949542726564462,0.12360913874445291,0.7814365885991008
45.5,0.09460406028398988,0.12272767128218676,0.7826682684338232
45.6,0.09425762500517888,0.12185121635736912,0.7838911586374518
45.7,0.0939149206343391,0.12097977005011938,0.7851053093155413
45.800000000000004,0.09357590161394537,0.12011332785265993,0.7863107705333946
45.900000000000006,0.09324052300565094,0.11925188468353809,0.7875075923108108
46.0,0.09290874048143359,0.1183954349015227,0.7886958246170436
46.1,0.09258051031485878,0.11754397231917486,0.7898755173659662
46.2,0.09225578937246005,0.11669749021609384,0.791046720411446
46.300000000000004,0.09193453510523603,0.11585598135183683,0.792209483542927
46.400000000000006,0.09161670554038229,0.11501943798005403,0.7933638564795635
46.5,0.09130225927833173,0.11418785193020822,0.7945098887914599
46.6,0.09099115547901854,0.11336121454647317,0.7956476299745081
46.7,0.09068335385233725,0.1125395166796477,0.7967771294680148
46.800000000000004,0.09037881465253321,0.11172274872864812,0.7978984366188185
46.900000000000006,0.0900774986704618,0.11091090065226263,0.7990116006772754
47.0,0.08977936722596712,0.11010396198061188,0.8001166707934209
47.1,0.08948438216037977,0.10930192182631544,0.8012136960133046
47.2,0.0891925058291344,0.10850476889536481,0.8023027252755006
47.300000000000004,0.08890370109450643,0.10771249149770215,0.8033838074077913
47.400000000000006,0.08861793131846808,0.10692507755750533,0.8044569911240265
47.5,0.0883351603556317,0.10614251462340378,0.8055223250209643
47.6,0.08805535253613744,0.10536478994896499,0.8065798575148974
47.7,0.08777847266639482,0.10459189044989588,0.8076296368837091
47.800000000000004,0.08750448603013262,0.1038238026596367,0.8086717113102305
47.900000000000006,0.08723335837545362,0.10306051278255185,0.8097061288419943
48.0,0.08696505590827634,0.10230200670335889,0.8107329373883646
48.1,0.08669954528589081,0.10154826999630003,0.811752184717809
48.2,0.08643679361062856,0.10079928793405682,0.8127639184553145
48.300000000000004,0.0861767684236466,0.10005504549640715,0.813768186079946
48.400000000000006,0.08591943769882565,0.09931552737862505,0.8147650349225491
48.5,0.08566476983678238,0.09858071799962344,0.8157545121635941
48.6,0.08541273365899577,0.09785060150983918,0.8167366648311649
48.7,0.08516329838868911,0.09712516184750346,0.8177115397638073
48.800000000000004,0.08491643364003994,0.09640438276474529,0.8186791835952146
48.900000000000006,0.08467210945174895,0.09568824769233143,0.8196396428559194
49.0,0.0844302962547556,0.09497673984435329,0.820592963900891
49.1,0.08419096487044725,0.09426984221203635,0.8215391929175162
49.2,0.08395408650518929,0.09356753757110603,0.8224783759237045
49.300000000000004,0.08371963274496547,0.09286980848890869,0.8234105587661257
49.400000000000006,0.08348757555012812,0.09217663733129157,0.8243357871185801
49.5,0.0832578872502571,0.09148800626924496,0.8252541064804978
49.6,0.08303054053912666,0.09080389728530927,0.8261655621755639
49.7,0.08280550846977947,0.09012429217975136,0.827070199350469
49.800000000000004,0.0825827644316834,0.08944917262940211,0.8279680629389143
49.900000000000006,0.08236228214016444,0.08877852021055391,0.8288591976492815
50.0,0.08214403567908947,0.08811231626567614,0.8297436480552343
50.1,0.08192799947073294,0.08745054198390023,0.8306214585453667
50.2,0.08171414827047262,0.08679317840872837,0.8314926733207989
50.300000000000004,0.0815024571621989,0.08614020644373387,0.8323573363940672
50.400000000000006,0.08129290155380946,0.08549160685809833,0.8332154915880922
50.5,0.08108545717278799,0.08484736029199005,0.8340671825352218
50.6,0.08088010006186554,0.08420744726178761,0.8349124526763467
50.7,0.08067680657476348,0.08357184816515378,0.8357513452600827
50.800000000000004,0.08047555337201663,0.0829405432859632,0.83658390334202
50.900000000000006,0.08027631741687524,0.08231351279908868,0.837410169784036
51.0,0.08007907597128479,0.08169073677505052,0.8382301872536646
51.1,0.07988380659194204,0.08107219518453282,0.839043998223525
51.2,0.07969048712642642,0.08045786790277167,0.8398516449708018
51.300000000000004,0.07949909568031306,0.07984773478867657,0.8406531695310102
51.400000000000006,0.07930961060405922,0.07924177571314008,0.8414486136828006
51.5,0.07912201056560364,0.07863997036686468,0.8422380190675316
51.6,0.07893627450545262,0.07804229837063577,0.8430214271239115
51.7,0.07875238163171984,0.07744873928285984,0.8437988790854202
51.800000000000004,0.0785703114162173,0.07685927260446809,0.8445704159793145
51.900000000000006,0.07839004359058785,0.07627387778378655,0.8453360786256254
52.0,0.078211558142477,0.07569253422137842,0.8460959076361445
52.1,0.07803483531174227,0.07511522127486432,0.8468499434133933
52.2,0.07785985558669827,0.074541918263727,0.8475982261495746
52.300000000000004,0.07768659970039557,0.07397260447410563,0.8483407958254987
52.400000000000006,0.07751504862693138,0.07340725916358602,0.8490776922094825
52.5,0.07734518357779052,0.07284586156599274,0.8498089548562167
52.6,0.07717698599821425,0.07228839089618856,0.8505346231055971
52.7,0.07701043756359573,0.07173482635488795,0.8512547360815163
52.800000000000004,0.07684552019678015,0.071185147039257,0.8519693327639627
52.900000000000006,0.07668221607120787,0.07063933191753063,0.8526784520112614
53.0,0.07652050755271314,0.07009736008060088,0.8533821323666858
53.1,0.07636037722564923,0.06955921061316338,0.8540804121611872
53.2,0.07620180789042375,0.06902486259400999,0.8547733295155662
53.300000000000004,0.07604478256034553,0.06849429509954405,0.8554609223401103
53.400000000000006,0.07588928445850268,0.0679674872072701,0.8561432283342271
53.5,0.07573529701467044,0.0674444179992613,0.8568202849860681
53.6,0.075582803862247,0.0669250665656089,0.8574921295721439
53.7,0.0754317888352165,0.06640941200785773,0.8581587991569256
53.800000000000004,0.07528223596513711,0.06589743344243129,0.8588203305924315
53.900000000000006,0.07513412947815316,0.0653891100040508,0.8594767605177959
54.0,0.0749874537920298,0.06488442084915194,0.8601281253588181
54.1,0.07484219351320855,0.06438334515930313,0.8607744613274882
54.2,0.07469833343388271,0.06388586214462982,0.8614158044214874
54.300000000000004,0.07455585855224924,0.06339195096739683,0.8620521904803539
54.400000000000006,0.07441475407700669,0.06290159071998185,0.8626836552030114
54.5,0.07427500536392295,0.06241476063714648,0.8633102339989305
54.6,0.07413659794582651,0.061931439986246915,0.8639319620679264
54.7,0.07399951753090447,0.06145160806679388,0.8645488744023015
54.800000000000004,0.07386375000023444,0.0609752442127205,0.8651610057870449
54.900000000000006,0.07372928140534585,0.06050232779461506,0.865768390800039
55.0,0.07359609796580978,0.06003283822192093,0.8663710638122691
55.1,0.07346418606685626,0.059566754945105625,0.866969058988038
55.2,0.07333353225701811,0.05910405745780199,0.8675624102851798
55.300000000000004,0.07320412324580032,0.05864472529892294,0.8681511514552767
55.400000000000006,0.0730759459013741,0.0581887380547527,0.8687353160438731
55.5,0.07294898724829456,0.05773607536101659,0.8693149373906888
55.6,0.07282323446524103,0.057286716904931485,0.8698900486298273
55.7,0.07269867488277931,0.05684064242723979,0.8704606826899808
55.800000000000004,0.07257529599231426,0.0563978316908685,0.8710268723168172
55.900000000000006,0.07245308544743465,0.05595826447235715,0.8715886500802081
56.0,0.07233203103256035,0.0555219206509885,0.8721460483164512
56.1,0.07221212067661477,0.05508878016349023,0.872699099159895
56.2,0.07209334245143256,0.054658823004373074,0.8732478345441943
56.300000000000004,0.07197568456980995,0.054232029227380074,0.8737922862028099
56.400000000000006,0.07185913538357978,0.053808378946906654,0.8743324856695135
56.5,0.07174368338171044,0.053387852339392854,0.8748684642788966
56.6,0.0716293171884279,0.052970429644689246,0.8754002531668829
56.7,0.0715160255613602,0.052556091167398594,0.8759278832712412
56.800000000000004,0.07140379738970375,0.05214481727819419,0.876451385332102
56.900000000000006,0.07129262169241034,0.051736588415116996,0.8769707898924727
57.0,0.07118248761639473,0.05133138508485298,0.8774861272987523
57.1,0.07107338443476151,0.05092918786399215,0.8779974277012463
57.2,0.07096530154505086,0.0505299774002713,0.8785047210546778
57.300000000000004,0.07085822847254711,0.050133734393242965,0.8790080371342099
57.400000000000006,0.0707521548701499,0.04974043958900928,0.8795074055408408
57.5,0.07064707050351123,0.04935007383505938,0.8800028556614294
57.6,0.07054296525649427,0.04896261805234256,0.8804944166911632
57.7,0.0704398291297504,0.0485780532354409,0.8809821176348087
57.800000000000004,0.0703376522391428,0.04819636045341855,0.8814659873074386
57.900000000000006,0.07023642481418807,0.04781752085064829,0.8819460543351636
58.0,0.07013613719651532,0.04744151564761622,0.8824223471558684
58.1,0.07003677983834194,0.047068326141705766,0.8828948940199524
58.2,0.06993834330096571,0.046697933707962415,0.8833637229910719
58.300000000000004,0.06984081825327225,0.046330319799840015,0.8838288619468877
58.400000000000006,0.0697441954702576,0.04596546594993003,0.8842903385798124
58.5,0.06964846583156495,0.04560335377067489,0.8847481803977602
58.6,0.06955362032003504,0.04524396495506655,0.8852024147248985
58.7,0.06945965002026983,0.0448872812773316,0.8856530687023986
58.800000000000004,0.06936654612435071,0.04453328458364365,0.8861001692920056
58.900000000000006,0.06927429993266426,0.044181956789663995,0.8865437432776718
59.0,0.06918290283388896,0.043833279907148026,0.886983817258963
59.1,0.06909234631371348,0.043487236030490865,0.8874204176557957
59.2,0.06900262195380641,0.04314380733687391,0.8878535707093197
59.300000000000004,0.06891372143055871,0.042802976086734536,0.8882833024827068
59.400000000000006,0.068825636513841,0.04246472462422211,0.888709638861937
59.5,0.06873835906577512,0.04212903537764109,0.8891326055565838
59.6,0.06865188103951964,0.04179589085988211,0.8895522281005983
59.7,0.0685661944780687,0.04146527366884231,0.889968531853089
59.800000000000004,0.06848129151306388,0.04113716648783543,0.8903815419991007
59.900000000000006,0.06839716436361831,0.040811552085993054,0.8907912835503887
60.0,0.06831380533515301,0.04048841331865777,0.8911977813461892
60.1,0.0682312068182445,0.04016773312776915,0.8916010600539864
60.2,0.06814936128748365,0.03984949454224379,0.8920011441702725
60.300000000000004,0.06806826130473599,0.03953368066640035,0.8923980580288636
60.400000000000006,0.06798789951938866,0.039220274676608664,0.8927918258040026
60.5,0.06790826865580994,0.038909259852760635,0.8931824714914294
60.6,0.0678293615184573,0.03860061956173589,0.8935700189198068
60.7,0.06775117099099891,0.038294337257181496,0.8939544917518195
60.800000000000004,0.06767369003529837,0.037990396479685544,0.8943359134850161
60.900000000000006,0.06759691169041097,0.0376887808569413,0.8947143074526477
61.0,0.06752082907159089,0.037389474103902476,0.8950896968245066
61.1,0.06744543536930928,0.03709246002293036,0.8954621046077603
61.2,0.06737072384828251,0.03679772250393376,0.8958315536477837
61.300000000000004,0.06729668784651041,0.03650524552450203,0.8961980666289875
61.400000000000006,0.06722332077432411,0.03621501315003233,0.8965616660756435
61.5,0.06715061611344286,0.03592700953385164,0.8969223743527054
61.6,0.0670785674160399,0.03564121891733417,0.8972802136666259
61.7,0.06700716830381645,0.03535762563001523,0.8976352060661683
61.800000000000004,0.06693641247296285,0.035076214076629524,0.8979873734504077
61.900000000000006,0.06686629369440131,0.03479696873465568,0.898336737570943
62.0,0.0667968057975237,0.03451987418857567,0.8986833200139006
62.1,0.0667279426779649,0.034244915110703225,0.8990271422113318
62.2,0.06665969829695695,0.033972076260747705,0.8993682254422953
62.300000000000004,0.06659206668048834,0.03370134248582484,0.8997065908336869
62.400000000000006,0.06652504191847103,0.03343269872046473,0.9000422593610642
62.5,0.06645861816391457,0.033166129986617804,0.9003752518494677
62.6,0.06639278963210704,0.03290162139365905,0.9007055889742339
62.7,0.0663275505998026,0.0326391581383917,0.9010332912618058
62.800000000000004,0.06626289540441505,0.03237872550505047,0.9013583790905345
62.900000000000006,0.06619881844321736,0.032120308865305286,0.9016808726914773
63.0,0.0661353141725465,0.031863893678266184,0.9020007921491873
63.1,0.06607237710701348,0.03160946549048974,0.9023181574024968
63.2,0.06601000181871809,0.031357009935988105,0.9026329882452938
63.300000000000004,0.0659481829364681,0.031106512736240856,0.902945304327291
63.400000000000006,0.06588691514500254,0.030857959700210595,0.9032551251547869
63.5,0.06582619318421858,0.03061133672436282,0.9035624700914187
63.6,0.06576601184840189,0.030366629792690687,0.9038673583589074
63.7,0.06570636599182308,0.030123824963031565,0.9041698090451453
63.800000000000004,0.06564725055201782,0.02988290831528226,0.9044698411326999
63.900000000000006,0.0655886604973555,0.02964386606280394,0.9047674734398405
64.0,0.06553059084471223,0.02940668451274596,0.9050627246425418
64.10000000000001,0.06547303666307028,0.029171350056713535,0.9053556132802162
64.2,0.06541599307287423,0.02893784917059256,0.9056461577565332
64.3,0.06535945524539286,0.02870616841437292,0.9059343763402342
64.4,0.06530341840208669,0.028476294431971638,0.9062202871659416
64.5,0.06524787781398064,0.028248213951055888,0.9065039082349634
64.60000000000001,0.06519282880104188,0.028021913782865962,0.9067852574160922
64.7,0.06513826673156226,0.027797380822039582,0.9070643524463982
64.8,0.06508418702154531,0.027574602046436858,0.9073412109320178
64.9,0.06503058513409758,0.02735356451696728,0.9076158503489351
65.0,0.06497745657882392,0.02713425537741876,0.9078882880437573
65.10000000000001,0.06492479691122639,0.026916661854288943,0.9081585412344847
65.2,0.06487260173210682,0.026700771256619935,0.9084266270112732
65.3,0.06482086668697258,0.026486570975836003,0.9086925623371914
65.4,0.06476958746544519,0.026274048485585445,0.9089563640489694
65.5,0.06471875980067185,0.026063191341586762,0.9092180488577414
65.60000000000001,0.06466837946962282,0.025853987179762023,0.9094776333506152
65.7,0.0646184423131041,0.025646423676060223,0.9097351340108357
65.8,0.06456894420690659,0.025440488601264057,0.9099905671918294
65.9,0.06451988106105981,0.025236169821180907,0.9102439491177593
66.0,0.06447124882726042,0.025033455280953354,0.9104952958917862
66.10000000000001,0.06442304349837324,0.024832333004787585,0.9107446234968392
66.2,0.06437526110793657,0.02463279109568309,0.9109919477963804
66.3,0.06432789772967147,0.024434817735163025,0.9112372845351655
66.4,0.0642809494769953,0.024238401183006294,0.9114806493399984
66.5,0.0642344125025388,0.024043529776981414,0.9117220577204798
66.60000000000001,0.06418828299766685,0.02385019193258212,0.911961525069751
66.7,0.06414255719200257,0.0236583761427658,0.9121990666652317
66.8,0.06409723135295468,0.0234680709776942,0.9124346976693511
66.9,0.06405230178524789,0.023279265084477408,0.9126684331302747
67.0,0.06400776483045596,0.023091947186921157,0.9129002879826229
67.10000000000001,0.06396361686653768,0.022906106085277496,0.9131302770481848
67.2,0.063919854307375,0.022721730655999823,0.9133584150366252
67.3,0.06387647360231362,0.022538809851501775,0.9135847165461846
67.4,0.0638334712357056,0.022357332699920948,0.9138091960643735
67.5,0.06379084372645383,0.02217728830488753,0.9140318679686587
67.60000000000001,0.06374858763880038,0.02199866582257366,0.9142527465386259
67.7,0.06370669957709692,0.021821454471129556,0.9144718459517734
67.8,0.06366517616783378,0.02164564356588181,0.9146891802662843
67.9,0.06362401407102908,0.02147122249519436,0.9149047634337765
68.0,0.06358320997987635,0.02129818072007114,0.9151186093000525
68.10000000000001,0.06354276062036063,0.021126507773830388,0.9153307316058089
68.2,0.06350266275087797,0.0209561932617809,0.9155411439873411
68.3,0.06346291316185804,0.02078722686089969,0.9157498599772422
68.4,0.06342350867538972,0.02061959831951187,0.9159568930050984
68.5,0.06338444614484967,0.020453297456972722,0.9161622563981776
68.60000000000001,0.0633457224545336,0.020288314163351903,0.9163659633821145
68.7,0.06330733451929016,0.020124638399120647,0.9165680270815891
68.8,0.06326927928415736,0.019962260194841413,0.9167684605210011
68.9,0.06323155372400123,0.01980116965086076,0.916967276625138
69.0,0.06319415484315682,0.0196413569370055,0.9171644882198376
69.10000000000001,0.06315707967507118,0.01948281229228201,0.9173601080326468
69.2,0.06312032528194834,0.019325526024579563,0.9175541486934721
69.3,0.06308388875439598,0.019169488510377166,0.9177466227352268
69.4,0.06304776721107393,0.01901469019445467,0.9179375425944714
69.5,0.06301195780176819,0.018861121582505157,0.9181269206157266
69.60000000000001,0.0629764577138734,0.0187087732266839,0.9183147690594426
69.7,0.06294126415328885,0.01855763576424215,0.918501100082469
69.8,0.06290637435216799,0.01840769990046204,0.91868592574737
69.9,0.06287178556955107,0.018258956406362655,0.9188692580240863
70.0,0.06283749509106286,0.018111396118352392,0.9190511087905847
70.10000000000001,0.06280350022861284,0.017965009937882886,0.9192314898335042
70.2,0.06276979832009792,0.017819788831105146,0.9194104128487969
70.3,0.06273638672910736,0.017675723828527435,0.9195878894423651
70.4,0.06270326284462999,0.017532806024675537,0.9197639311306944
70.5,0.06267042408076344,0.017391026577755323,0.9199385493414812
70.60000000000001,0.06263786787642556,0.017250376709317596,0.9201117554142568
70.7,0.06260559169506749,0.017110847703925798,0.9202835606010067
70.8,0.06257359302438886,0.016972430908826167,0.9204539760667849
70.9,0.06254186937605431,0.016835117733620928,0.9206230128903248
71.0,0.06251041828541203,0.01669889964994451,0.9207906820646434
71.10000000000001,0.062479237311213416,0.016563768191142664,0.9209569944976439
71.2,0.06244832403533445,0.01642971495195518,0.9211219610127104
71.3,0.06241767606249816,0.016296731588201687,0.9212855923493001
71.4,0.06238729102079656,0.016164809815286174,0.9214478991639172
71.5,0.062357166570266125,0.01603394139475027,0.9216088920349836
71.60000000000001,0.06232730038840545,0.015904118155063984,0.9217685814565306
71.7,0.06229769017234099,0.015775331987705865,0.9219269778399531
71.8,0.0622683336411327,0.01564757484304024,0.922084091515827
71.9,0.06223922853553626,0.015520838729975988,0.9222399327344878
72.0,0.06221037261776744,0.015395115715627457,0.9223945116666051
72.10000000000001,0.06218176367126834,0.015270397924977497,0.9225478384037542
72.2,0.062153399500475624,0.015146677540543111,0.9226999229589813
72.3,0.06212527793059055,0.015023946802043319,0.9228507752673661
72.4,0.062097396807350796,0.01490219800606973,0.9230004051865794
72.5,0.06206975399680398,0.014781423505759778,0.9231488224974362
72.60000000000001,0.06204234738508272,0.014661615710472514,0.9232960369044448
72.7,0.062015174878181395,0.014542767085467498,0.9234420580363512
72.8,0.061988234401734225,0.014424870151586364,0.9235868954466794
72.9,0.06196152390079485,0.014307917484937569,0.9237305586142676
73.0,0.061935041339617206,0.014191901716584264,0.9238730569437985
73.10000000000001,0.061908784701437646,0.014076815532235208,0.9240143997663272
73.2,0.061882751988258274,0.013962651671939235,0.9241545963398025
73.3,0.06185694122064237,0.013849402929759601,0.924293655849598
73.4,0.061831350442272566,0.013737062143396383,0.924431587414331
73.5,0.06180597771554372,0.013625622202747191,0.924568400081709
73.60000000000001,0.06178082111767819,0.013515076057370021,0.9247041028249517
73.7,0.061755878743879465,0.013405416709088527,0.924838704547032
73.8,0.06173114870714229,0.01329663721166311,0.9249722140811946
73.9,0.06170662913806444,0.01318873067046416,0.9251046401914713
74.0,0.06168231818466002,0.013081690242147375,0.9252359915731926
74.10000000000001,0.06165821401217425,0.012975509134331029,0.9253662768534947
74.2,0.061634314802899624,0.012870180605275672,0.9254955045918246
74.3,0.06161061875599358,0.012765697963565812,0.9256236832804405
74.4,0.061587124087297336,0.012662054567794042,0.9257508213449086
74.5,0.06156382902915611,0.012559243826247523,0.9258769271445964
74.60000000000001,0.061540731830240475,0.0124572591965967,0.9260020089731628
74.7,0.061517830755368944,0.012356094185586709,0.9261260750590443
74.8,0.061495124085331546,0.012255742348731065,0.9262491335659373
74.9,0.061472610116714586,0.012156197290008072,0.9263711925932773
75.0,0.06145028716172628,0.012057452661559848,0.9264922601767138
75.10000000000001,0.061428153548023376,0.011959502163393894,0.9266123442885826
75.2,0.06140620761853868,0.011862339543087599,0.9267314528383737
75.3,0.06138444772722603,0.011765958597929558,0.9268495936748443
75.4,0.06136287226665239,0.011670353149663698,0.9269667745836838
75.5,0.06134147961798967,0.011575517091396542,0.9270830032906138
75.60000000000001,0.0613202681857274,0.011481444355078483,0.9271982874591941
75.7,0.06129923638899039,0.011388128918477044,0.9273126346925326
75.8,0.061278382661393245,0.01129556480486896,0.9274260525337378
75.9,0.06125770545089559,0.011203746082735,0.9275385484663694
76.0,0.06123720321965784,0.011112666865457347,0.9276501299148847
76.10000000000001,0.06121687444389762,0.011022321311019464,0.9277608042450829
76.2,0.061196717613746836,0.010932703621708725,0.9278705787645444
76.3,0.06117673123310932,0.010843808043821453,0.9279794607230691
76.4,0.06115691381951915,0.010755628867370665,0.9280874573131102
76.5,0.06113726390399955,0.010668160425796406,0.928194575670204
76.60000000000001,0.06111778003092247,0.01058139709567856,0.9283008228733989
76.7,0.06109846075786873,0.010495333296452414,0.9284062059456788
76.80000000000001,0.061079304655488845,0.01040996349012663,0.9285107318543845
76.9,0.06106031030736442,0.010325282181003996,0.9286144075116315
77.0,0.06104147630987022,0.010241283915404577,0.9287172397747252
77.10000000000001,0.061022801272036825,0.01015796328139159,0.9288192354465715
77.2,0.06100428381623592,0.010075314907250082,0.9289204012765139
77.30000000000001,0.0609859225827845,0.009993333454010126,0.9290207439632053
77.4,0.0609677162204144,0.009912013629465772,0.9291202701501198
77.5,0.060949663389001624,0.009831350183556135,0.9292189864274422
77.60000000000001,0.0609317627605331,0.009751337906430221,0.9293168993330366
77.7,0.06091401301897912,0.009671971628179177,0.9294140153528416
77.80000000000001,0.06089641286016649,0.009593246218570831,0.9295103409212626
77.9,0.060878960991652506,0.009515156586786835,0.9296058824215606
78.0,0.06086165613259957,0.009437697681162009,0.9297006461862384
78.10000000000001,0.06084449701365064,0.009360864488926247,0.929794638497423
78.2,0.06082748237680535,0.009284652035948795,0.9298878655872458
78.30000000000001,0.06081061097529695,0.009209055386484847,0.9299803336382181
78.4,0.0607938815734699,0.0091340696429247,0.9300720487836053
78.5,0.060777292946658304,0.009059689945545176,0.9301630171077965
78.60000000000001,0.060760843881065,0.008985911472263528,0.9302532446466714
78.7,0.06074453317364148,0.008912729438393784,0.9303427373879647
78.80000000000001,0.060728359631968445,0.00884013909640537,0.9304315012716261
78.9,0.06071232207413724,0.008768135735684315,0.9305195421901784
79.0,0.06069641932863189,0.008696714682296696,0.9306068659890714
79.10000000000001,0.06068065023421199,0.008625871298754603,0.9306934784670333
79.2,0.06066501363979632,0.008555600983784504,0.9307793853764191
79.30000000000001,0.0606495084043471,0.008485899172097923,0.9308645924235549
79.4,0.06063413339675518,0.008416761334164672,0.93094910526908
79.5,0.06061888749572575,0.00834818297598835,0.9310329295282859
79.60000000000001,0.060603769593597624,0.00828015963223448,0.9311160707741678
79.7,0.06058877860497829,0.008212686851218932,0.9311985345438026
79.80000000000001,0.0605739134425244,0.008145760235455185,0.9312803263220203
79.9,0.06055917302719633,0.008079375423911675,0.9313614515488918
80.0,0.06054455628955193,0.00801352808942488,0.9314419156210231
80.10000000000001,0.06053006216965234,0.007948213938463157,0.9315217238918844
80.2,0.06051568961696882,0.007883428710892433,0.9316008816721386
80.30000000000001,0.06050143759029061,0.007819168179743718,0.9316793942299655
80.4,0.060487305057633944,0.007755428150982641,0.9317572667913833
80.5,0.06047329099615197,0.0076922044632807395,0.9318345045405672
80.60000000000001,0.06045939439204583,0.007629492987788728,0.9319111126201653
80.7,0.06044561424047675,0.007567289627911672,0.9319870961316115
80.80000000000001,0.060431949545479154,0.007505590319085942,0.9320624601354348
80.9,0.06041839931987487,0.007444391028558218,0.9321372096515668
81.0,0.06040496258518836,0.0073836877551662315,0.9322113496596452
81.10000000000001,0.06039163837156302,0.007323476529121498,0.9322848850993153
81.2,0.060378425717678506,0.007263753411793939,0.9323578208705274
81.30000000000001,0.06036532367066909,0.00720451449549831,0.9324301618338324
81.4,0.06035233128604314,0.007145755903282647,0.9325019128106741
81.5,0.06033944762760359,0.007087473788718475,0.9325730785836778
81.60000000000001,0.06032667176736944,0.007029664335693002,0.9326436638969374
81.7,0.06031400278549837,0.00697232375820319,0.9327136734562983
81.80000000000001,0.06030143977021037,0.006915448300151652,0.9327831119296378
81.9,0.060288981817712396,0.0068590342351445436,0.932851983947143
82.0,0.06027662803339428,0.006803077859392132,0.9329202941072134
82.10000000000001,0.060264377532370274,0.0067475754881712495,0.9329880469794584
82.2,0.0602522294352295,0.006692523478318847,0.9330552470864515
82.30000000000001,0.060240182870232306,0.006637918215721296,0.9331218989140463
82.4,0.06022823697333433,0.0065837561146101405,0.9331880069120554
82.5,0.060216390888120634,0.006530033617354296,0.9332535754945249
82.60000000000001,0.06020464376574091,0.006476747194253882,0.9333186090400051
82.7,0.06019299476484575,0.006423893343335611,0.9333831118918186
82.80000000000001,0.06018144305152412,0.006371468590149667,0.9334470883583261
82.9,0.06016998779924185,0.006319469487568254,0.9335105427131898
83.0,0.06015862818878131,0.00626789261558559,0.9335734791956329
83.10000000000001,0.060147363408182136,0.0062167345811195325,0.9336359020106982
83.2,0.06013619265268312,0.006165992017814771,0.933697815329502
83.30000000000001,0.06012511512466515,0.006115661585847497,0.9337592232894872
83.4,0.06011413003359536,0.0060657399717317486,0.9338201299946728
83.5,0.06010323659597221,0.006016223888127204,0.9338805395159004
83.60000000000001,0.060092434035271924,0.005967110073648601,0.9339404558910793
83.7,0.060081721581895814,0.005918395292676728,0.9339998831254274
83.80000000000001,0.06007109847311883,0.005870076335170889,0.9340588251917101
83.9,0.06006056395303922,0.005822150016483044,0.9341172860304776
84.0,0.06005011727252924,0.005774613177173398,0.9341752695502973
84.10000000000001,0.06003975768918703,0.005727462682827623,0.9342327796279852
84.2,0.06002948446728958,0.0056806954238756355,0.9342898201088347
84.30000000000001,0.0600192968777468,0.0056343083154118696,0.9343463948068412
84.4,0.06000919419140112,0.0055882982935016,0.9344025075150971
84.5,0.05999917568248555,0.005542662316854045,0.9344581620006602
84.60000000000001,0.05998924063874509,0.005497397372016152,0.9345133619892386
84.7,0.05997938835416762,0.005452500469381437,0.9345681111764508
84.80000000000001,0.0599696181289132,0.005407968643002027,0.9346224132280846
84.9,0.05995992926926371,0.005363798950412511,0.9346762717803236
85.0,0.05995032108757332,0.005319988472455143,0.9347296904399715
85.10000000000001,0.05994079290221994,0.005276534313106549,0.9347826727846734
85.2,0.059931344037557496,0.005233433599305879,0.9348352223631364
85.30000000000001,0.059921973823869136,0.005190683480784346,0.9348873426953463
85.4,0.05991268159732131,0.0051482811298962945,0.9349390372727823
85.5,0.059903466699918737,0.005106223741451623,0.9349903095586295
85.60000000000001,0.05989432847946029,0.005064508532549723,0.9350411629879899
85.7,0.05988526628949576,0.005023132742414842,0.9350916009680893
85.80000000000001,0.05987627948928351,0.004982093632232849,0.9351416268784835
85.9,0.05986736744374902,0.004941388484989527,0.9351912440712613
86.0,0.05985852952344434,0.004901014605310218,0.9352404558712453
86.10000000000001,0.059849765104508394,0.004860969319300975,0.9352892655761905
86.2,0.059841073568628264,0.0048212499743911594,0.9353376764569804
86.30000000000001,0.059832454303001256,0.004781853939177423,0.9353856917578212
86.4,0.05982390670029795,0.004742778603269218,0.9354333146964326
86.5,0.05981543015862608,0.004704021377135671,0.9354805484642381
86.60000000000001,0.05980702408149536,0.004665579691953956,0.9355273962265506
86.7,0.05979868787769568,0.004627450999406632,0.9355738611228975
86.80000000000001,0.05979042095238018,0.004589632766203034,0.9356199462814166
86.9,0.05978222271713092,0.004552122479990595,0.9356656548028783
87.0,0.05977409259388786,0.0045149176515851385,0.9357109897545268
87.10000000000001,0.059766030009589494,0.004478015811629495,0.9357559541787809
87.2,0.059758034396131934,0.0044414145104439175,0.935800551093424
87.30000000000001,0.05975010519032878,0.004405111317877759,0.9358447834917933
87.4,0.05974224183387151,0.00436910382316254,0.9358886543429658
87.5,0.05973444377329067,0.004333389634766257,0.9359321665919429
87.60000000000001,0.059726710459917697,0.004297966380249042,0.9359753231598331
87.7,0.05971904134984734,0.00426283170612015,0.9360181269440323
87.80000000000001,0.0597114359039009,0.004227983277696199,0.9360605808184027
87.9,0.05970389358759001,0.004193418778960799,0.9361026876334491
88.0,0.05969641387108118,0.004159135912425421,0.9361444502164932
88.10000000000001,0.059688996229160955,0.004125132398991633,0.9361858713718473
88.2,0.05968164014120175,0.004091405977814633,0.9362269538809834
88.30000000000001,0.05967434509112845,0.004057954406168069,0.9362677005027034
88.4,0.059667110567385516,0.004024775459310219,0.936308113973304
88.5,0.05965993606290495,0.003991866930351436,0.9363481970067434
88.60000000000001,0.059652821075074754,0.0039592266301229345,0.9363879522948021
88.7,0.05964576510570825,0.0039268523870469,0.9364273825072447
88.80000000000001,0.05963876766101388,0.0038947420470078604,0.936466490291978
88.9,0.059631828251565835,0.003862893473225442,0.9365052782752086
89.0,0.05962494639227528,0.003831304546128367,0.9365437490615962
89.10000000000001,0.05961812160197602,0.0037999731629085954,0.9365819052351152
89.2,0.059611353396493025,0.0037688972316562686,0.9366197493718504
89.30000000000001,0.05960464129913883,0.0037380746799891575,0.9366572840208718
89.4,0.05959798483984172,0.003707503454228595,0.9366945117059294
89.5,0.0595913835525601,0.003677181517150873,0.9367314349302888
89.60000000000001,0.05958483697524995,0.003647106847862596,0.9367680561768872
89.7,0.059578344649832644,0.003617277441677207,0.9368043779084899
89.80000000000001,0.05957190612216341,0.003587691309992665,0.9368404025678437
89.9,0.05956552094200026,0.003558346480170361,0.9368761325778292
90.0,0.05955918866297342,0.0035292409954151547,0.9369115703416112
90.10000000000001,0.059552908842555305,0.0035003729146566367,0.9369467182427879
90.2,0.05954668104203101,0.0034717403124315733,0.9369815786455372
90.30000000000001,0.05954050482646928,0.003443341278767491,0.937016153894763
90.4,0.05953437976469408,0.003415173919067505,0.9370504463162382
90.5,0.05952830542925654,0.0033872363539962725,0.9370844582167469
90.60000000000001,0.059522281396407584,0.003359526719367165,0.937118191884225
90.7,0.05951630724607098,0.003332043166030624,0.9371516495878982
90.80000000000001,0.05951038256181688,0.00330478385976366,0.9371848335784192
90.9,0.05950450693083595,0.003277746981160594,0.9372177460880032
91.0,0.059498679943913994,0.0032509307255249222,0.9372503893305608
91.10000000000001,0.05949290119540707,0.003224333302762399,0.9372827655018303
91.2,0.05948717028321716,0.003197952937275309,0.9373148767795073
91.30000000000001,0.059481486808768275,0.003171787867857876,0.9373467253233736
91.4,0.05947585037698323,0.0031458363475929175,0.9373783132754236
91.5,0.05947026059551831,0.0031200966428394372,0.9374096427616421
91.60000000000001,0.059464717069967414,0.003094567027279746,0.9374407159027527
91.7,0.05945921941302502,0.0030692457930790763,0.9374715347938957
91.80000000000001,0.059453767241828076,0.003044131247554435,0.9375021015106173
91.9,0.059448360176773095,0.0030192217116524534,0.9375324181115743
92.0,0.05944299784149001,0.0029945155198458184,0.937562486638664
92.10000000000001,0.0594376798628164,0.0029700110200307733,0.9375923091171526
92.2,0.059432405870772226,0.0029457065734256613,0.9376218875558019
92.30000000000001,0.059427175498534796,0.0029216005544704725,0.9376512239469945
92.4,0.059421988382414276,0.00289769135072748,0.9376803202668581
92.5,0.059416844161829546,0.002873977362782866,0.9377091784753874
92.60000000000001,0.059411742479284435,0.0028504570041494193,0.937737800516566
92.7,0.059406682980344405,0.0028271287011702733,0.9377661883184851
92.80000000000001,0.05940166531361358,0.002803990892923646,0.9377943437934626
92.9,0.05939668913071222,0.002781042031128674,0.9378222688381589
93.0,0.05939175408625457,0.002758280580052232,0.937849965333693
93.10000000000001,0.05938685983782712,0.0027357050164168255,0.9378774351457558
93.2,0.05938200604596725,0.0027133138293095227,0.9379046801247231
93.30000000000001,0.0593771923741423,0.002691105520091892,0.9379317021057656
93.4,0.05937241848872901,0.002669078602311029,0.9379585029089598
93.5,0.05936768405899339,0.0026472316016115703,0.9379850843393949
93.60000000000001,0.05936298875707094,0.002625563055648785,0.9380114481872801
93.7,0.05935833225794736,0.0026040715140026958,0.9380375962280497
93.80000000000001,0.05935371423943954,0.0025827555380932166,0.938063530222467
93.9,0.059349134380661354,0.002561613698614138,0.9380892519207243
94.0,0.05934459235832719,0.0025406445694266338,0.938114763072246
94.10000000000001,0.059340087856777864,0.0025198467439255024,0.9381400653992964
94.2,0.05933562056366676,0.002499218827922288,0.9381651606084107
94.30000000000001,0.05933119016930236,0.002478759438516752,0.9381900503921806
94.4,0.05932679636662861,0.0024584672040130822,0.938214736429358
94.5,0.059322438851205465,0.002438340763837016,0.9382392203849573
94.60000000000001,0.05931811732118989,0.0024183787684539516,0.938263503910356
94.7,0.0593138314773172,0.002398579879288012,0.9382875886433946
94.80000000000001,0.059309581022882696,0.0023789427686420382,0.9383114762084751
94.9,0.05930536566372373,0.0023594661196185847,0.9383351682166575
95.0,0.05930118510820204,0.002340148626041822,0.9383586662657559
95.10000000000001,0.05929703906718648,0.002320988992380432,0.9383819719404328
95.2,0.05929292725403611,0.0023019859336714543,0.9384050868122922
95.30000000000001,0.05928884938458357,0.002283138175445064,0.9384280124399711
95.4,0.059284805177118906,0.002264444453650346,0.9384507503692305
95.5,0.059280794352373635,0.002245903514581986,0.9384733021330441
95.60000000000001,0.059276816633505244,0.0022275141148079434,0.9384956692516866
95.7,0.059272871746082,0.002209275021098084,0.9385178532328197
95.80000000000001,0.0592689594180681,0.0021911850103537383,0.9385398555715779
95.9,0.05926507937980921,0.0021732428695382605,0.9385616777506524
96.0,0.05926123136401832,0.0021554473956085,0.9385833212403729
96.10000000000001,0.05925741510576195,0.0021377973954472607,0.9386047874987906
96.2,0.05925363034244671,0.0021202916857967122,0.9386260779717563
96.30000000000001,0.05924987681380625,0.0021029290931927343,0.9386471940930008
96.4,0.059246154261888465,0.0020857084539002563,0.9386681372842111
96.5,0.05924246243104315,0.002068628613849514,0.9386889089551071
96.60000000000001,0.059238801067909935,0.0020516884285732896,0.9387095105035166
96.7,0.05923516992140662,0.002034886763145106,0.938729943315448
96.80000000000001,0.05923156874271781,0.002018222492118356,0.9387502087651636
96.9,0.05922799728234793,0.0020016944940814347,0.9387703082235704
97.0,0.059224455282728385,0.0019853016380589283,0.9387902430792125
97.10000000000001,0.05922094249807318,0.0019690428198901114,0.9388100146820365
97.2,0.05921745868594853,0.0019529169467278798,0.9388296243673234
97.30000000000001,0.05921400360596363,0.0019369229345988725,0.9388490734594374
97.4,0.05921057701975509,0.001921059708336873,0.9388683632719078
97.5,0.05920717869097171,0.0019053262015169487,0.9388874951075111
97.60000000000001,0.059203808385259446,0.0018897213563903894,0.93890647025835
97.7,0.05920046587024664,0.0018742441238204207,0.9389252900059327
97.80000000000001,0.05919715091552951,0.0018588934632186647,0.9389439556212517
97.9,0.05919386329265789,0.0018436683424824147,0.9389624683648595
98.0,0.059190602775121205,0.0018285677379326465,0.938980829486946
98.10000000000001,0.05918736913833471,0.001813590634252828,0.9389990402274123
98.2,0.05918416215962598,0.0017987360244285009,0.9390171018159453
98.30000000000001,0.059180981618221634,0.00178400290968762,0.9390350154720906
98.4,0.05917782729523432,0.001769390299441692,0.9390527824053239
98.5,0.059174698973649964,0.001754897211227663,0.9390704038151222
98.60000000000001,0.059171596438315224,0.0017405226706505971,0.939087880891034
98.7,0.059168519475925274,0.0017262657113271327,0.9391052148127474
98.80000000000001,0.05916546787501173,0.0017121253748296884,0.9391224067501585
98.9,0.059162441425930926,0.0016981007106314785,0.9391394578634374
99.0,0.05915943992085239,0.0016841907760522681,0.9391563693030952
99.10000000000001,0.059156463153747556,0.0016703946362049268,0.9391731422100473
99.2,0.05915351092037878,0.0016567113639427518,0.9391897777156782
99.30000000000001,0.05915058301828856,0.0016431400398075505,0.9392062769419037
99.4,0.059147679246789014,0.0016296797519785233,0.9392226410012323
99.5,0.059144799406951616,0.0016163295962218936,0.9392388709968263
99.60000000000001,0.059141943301597194,0.0016030886758413294,0.9392549680225613
99.7,0.05913911073528616,0.001589956101629142,0.9392709331630845
99.80000000000001,0.059136301514308966,0.0015769309918182363,0.9392867674938726
99.9,0.059133515444929986,0.001564012468083079,0.9393024720869868
100.0,0.05913075232882917,0.0015511996452019156,0.9393180480259687
